ingredient_name,state_name,storage_location,needs_cooking,ready_to_eat,typical_prep_minutes,typical_cook_minutes,active_minutes,passive_minutes,attention_score,energy_level,rank_penalty,holdability,handling_note,timing_note,cooking_note,verified,notes
Ground beef,Fresh Raw,fridge,1,0,2,12,10,2,6,low,0,fair,Handle Ground beef according to its fresh raw condition.,Account for the fresh raw timing of Ground beef.,Cook or heat Ground beef safely for its current condition.,1,Core component state
Ground beef,Frozen Raw,freezer,1,0,2,27,10,15,6,high,3,fair,Handle Ground beef according to its frozen raw condition.,Account for the frozen raw timing of Ground beef.,Cook or heat Ground beef safely for its current condition.,1,Core component state
Ground beef,Cooked,fridge,0,1,2,5,5,0,3,very low,0,good,Handle Ground beef according to its cooked condition.,Account for the cooked timing of Ground beef.,Cook or heat Ground beef safely for its current condition.,1,Core component state
Beef stew meat,Fresh Raw,fridge,1,0,2,20,10,10,6,medium,0,fair,Handle Beef stew meat according to its fresh raw condition.,Account for the fresh raw timing of Beef stew meat.,Cook or heat Beef stew meat safely for its current condition.,1,Core component state
Beef stew meat,Frozen Raw,freezer,1,0,2,35,10,15,6,high,3,fair,Handle Beef stew meat according to its frozen raw condition.,Account for the frozen raw timing of Beef stew meat.,Cook or heat Beef stew meat safely for its current condition.,1,Core component state
Beef stew meat,Cooked,fridge,0,1,2,5,5,0,3,very low,0,good,Handle Beef stew meat according to its cooked condition.,Account for the cooked timing of Beef stew meat.,Cook or heat Beef stew meat safely for its current condition.,1,Core component state
Chuck roast,Fresh Raw,fridge,1,0,2,20,10,10,6,medium,0,fair,Handle Chuck roast according to its fresh raw condition.,Account for the fresh raw timing of Chuck roast.,Cook or heat Chuck roast safely for its current condition.,1,Core component state
Chuck roast,Frozen Raw,freezer,1,0,2,35,10,15,6,high,3,fair,Handle Chuck roast according to its frozen raw condition.,Account for the frozen raw timing of Chuck roast.,Cook or heat Chuck roast safely for its current condition.,1,Core component state
Chuck roast,Cooked,fridge,0,1,2,5,5,0,3,very low,0,good,Handle Chuck roast according to its cooked condition.,Account for the cooked timing of Chuck roast.,Cook or heat Chuck roast safely for its current condition.,1,Core component state
Sirloin steak,Fresh Raw,fridge,1,0,2,12,10,2,6,medium,0,fair,Handle Sirloin steak according to its fresh raw condition.,Account for the fresh raw timing of Sirloin steak.,Cook or heat Sirloin steak safely for its current condition.,1,Core component state
Sirloin steak,Frozen Raw,freezer,1,0,2,27,10,15,6,high,3,fair,Handle Sirloin steak according to its frozen raw condition.,Account for the frozen raw timing of Sirloin steak.,Cook or heat Sirloin steak safely for its current condition.,1,Core component state
Sirloin steak,Cooked,fridge,0,1,2,5,5,0,3,very low,0,good,Handle Sirloin steak according to its cooked condition.,Account for the cooked timing of Sirloin steak.,Cook or heat Sirloin steak safely for its current condition.,1,Core component state
Ribeye steak,Fresh Raw,fridge,1,0,2,12,10,2,6,medium,0,fair,Handle Ribeye steak according to its fresh raw condition.,Account for the fresh raw timing of Ribeye steak.,Cook or heat Ribeye steak safely for its current condition.,1,Core component state
Ribeye steak,Frozen Raw,freezer,1,0,2,27,10,15,6,high,3,fair,Handle Ribeye steak according to its frozen raw condition.,Account for the frozen raw timing of Ribeye steak.,Cook or heat Ribeye steak safely for its current condition.,1,Core component state
Ribeye steak,Cooked,fridge,0,1,2,5,5,0,3,very low,0,good,Handle Ribeye steak according to its cooked condition.,Account for the cooked timing of Ribeye steak.,Cook or heat Ribeye steak safely for its current condition.,1,Core component state
Flank steak,Fresh Raw,fridge,1,0,2,12,10,2,6,medium,0,fair,Handle Flank steak according to its fresh raw condition.,Account for the fresh raw timing of Flank steak.,Cook or heat Flank steak safely for its current condition.,1,Core component state
Flank steak,Frozen Raw,freezer,1,0,2,27,10,15,6,high,3,fair,Handle Flank steak according to its frozen raw condition.,Account for the frozen raw timing of Flank steak.,Cook or heat Flank steak safely for its current condition.,1,Core component state
Flank steak,Cooked,fridge,0,1,2,5,5,0,3,very low,0,good,Handle Flank steak according to its cooked condition.,Account for the cooked timing of Flank steak.,Cook or heat Flank steak safely for its current condition.,1,Core component state
Beef brisket,Fresh Raw,fridge,1,0,2,20,10,10,6,high,0,fair,Handle Beef brisket according to its fresh raw condition.,Account for the fresh raw timing of Beef brisket.,Cook or heat Beef brisket safely for its current condition.,1,Core component state
Beef brisket,Frozen Raw,freezer,1,0,2,35,10,15,6,high,3,fair,Handle Beef brisket according to its frozen raw condition.,Account for the frozen raw timing of Beef brisket.,Cook or heat Beef brisket safely for its current condition.,1,Core component state
Beef brisket,Cooked,fridge,0,1,2,5,5,0,3,very low,0,good,Handle Beef brisket according to its cooked condition.,Account for the cooked timing of Beef brisket.,Cook or heat Beef brisket safely for its current condition.,1,Core component state
Corned beef,Fresh Raw,fridge,1,0,2,20,10,10,6,low,0,fair,Handle Corned beef according to its fresh raw condition.,Account for the fresh raw timing of Corned beef.,Cook or heat Corned beef safely for its current condition.,1,Core component state
Corned beef,Frozen Raw,freezer,1,0,2,35,10,15,6,high,3,fair,Handle Corned beef according to its frozen raw condition.,Account for the frozen raw timing of Corned beef.,Cook or heat Corned beef safely for its current condition.,1,Core component state
Corned beef,Cooked,fridge,0,1,2,5,5,0,3,very low,0,good,Handle Corned beef according to its cooked condition.,Account for the cooked timing of Corned beef.,Cook or heat Corned beef safely for its current condition.,1,Core component state
Chicken thighs,Fresh Raw,fridge,1,0,2,12,10,2,6,low,0,fair,Handle Chicken thighs according to its fresh raw condition.,Account for the fresh raw timing of Chicken thighs.,Cook or heat Chicken thighs safely for its current condition.,1,Core component state
Chicken thighs,Frozen Raw,freezer,1,0,2,27,10,15,6,high,3,fair,Handle Chicken thighs according to its frozen raw condition.,Account for the frozen raw timing of Chicken thighs.,Cook or heat Chicken thighs safely for its current condition.,1,Core component state
Chicken thighs,Cooked,fridge,0,1,2,5,5,0,3,very low,0,good,Handle Chicken thighs according to its cooked condition.,Account for the cooked timing of Chicken thighs.,Cook or heat Chicken thighs safely for its current condition.,1,Core component state
Chicken drumsticks,Fresh Raw,fridge,1,0,2,20,10,10,6,low,0,fair,Handle Chicken drumsticks according to its fresh raw condition.,Account for the fresh raw timing of Chicken drumsticks.,Cook or heat Chicken drumsticks safely for its current condition.,1,Core component state
Chicken drumsticks,Frozen Raw,freezer,1,0,2,35,10,15,6,high,3,fair,Handle Chicken drumsticks according to its frozen raw condition.,Account for the frozen raw timing of Chicken drumsticks.,Cook or heat Chicken drumsticks safely for its current condition.,1,Core component state
Chicken drumsticks,Cooked,fridge,0,1,2,5,5,0,3,very low,0,good,Handle Chicken drumsticks according to its cooked condition.,Account for the cooked timing of Chicken drumsticks.,Cook or heat Chicken drumsticks safely for its current condition.,1,Core component state
Chicken wings,Fresh Raw,fridge,1,0,2,20,10,10,6,low,0,fair,Handle Chicken wings according to its fresh raw condition.,Account for the fresh raw timing of Chicken wings.,Cook or heat Chicken wings safely for its current condition.,1,Core component state
Chicken wings,Frozen Raw,freezer,1,0,2,35,10,15,6,high,3,fair,Handle Chicken wings according to its frozen raw condition.,Account for the frozen raw timing of Chicken wings.,Cook or heat Chicken wings safely for its current condition.,1,Core component state
Chicken wings,Cooked,fridge,0,1,2,5,5,0,3,very low,0,good,Handle Chicken wings according to its cooked condition.,Account for the cooked timing of Chicken wings.,Cook or heat Chicken wings safely for its current condition.,1,Core component state
Whole chicken,Fresh Raw,fridge,1,0,2,20,10,10,6,medium,0,fair,Handle Whole chicken according to its fresh raw condition.,Account for the fresh raw timing of Whole chicken.,Cook or heat Whole chicken safely for its current condition.,1,Core component state
Whole chicken,Frozen Raw,freezer,1,0,2,35,10,15,6,high,3,fair,Handle Whole chicken according to its frozen raw condition.,Account for the frozen raw timing of Whole chicken.,Cook or heat Whole chicken safely for its current condition.,1,Core component state
Whole chicken,Cooked,fridge,0,1,2,5,5,0,3,very low,0,good,Handle Whole chicken according to its cooked condition.,Account for the cooked timing of Whole chicken.,Cook or heat Whole chicken safely for its current condition.,1,Core component state
Ground chicken,Fresh Raw,fridge,1,0,2,12,10,2,6,low,0,fair,Handle Ground chicken according to its fresh raw condition.,Account for the fresh raw timing of Ground chicken.,Cook or heat Ground chicken safely for its current condition.,1,Core component state
Ground chicken,Frozen Raw,freezer,1,0,2,27,10,15,6,high,3,fair,Handle Ground chicken according to its frozen raw condition.,Account for the frozen raw timing of Ground chicken.,Cook or heat Ground chicken safely for its current condition.,1,Core component state
Ground chicken,Cooked,fridge,0,1,2,5,5,0,3,very low,0,good,Handle Ground chicken according to its cooked condition.,Account for the cooked timing of Ground chicken.,Cook or heat Ground chicken safely for its current condition.,1,Core component state
Rotisserie chicken,Ready to Eat,fridge,0,1,2,3,2,0,2,very low,0,good,Handle Rotisserie chicken according to its ready to eat condition.,Account for the ready to eat timing of Rotisserie chicken.,Cook or heat Rotisserie chicken safely for its current condition.,1,Core component state
Canned chicken,Ready to Eat,fridge,0,1,2,3,2,0,2,very low,0,good,Handle Canned chicken according to its ready to eat condition.,Account for the ready to eat timing of Canned chicken.,Cook or heat Canned chicken safely for its current condition.,1,Core component state
Ground turkey,Fresh Raw,fridge,1,0,2,12,10,2,6,low,0,fair,Handle Ground turkey according to its fresh raw condition.,Account for the fresh raw timing of Ground turkey.,Cook or heat Ground turkey safely for its current condition.,1,Core component state
Ground turkey,Frozen Raw,freezer,1,0,2,27,10,15,6,high,3,fair,Handle Ground turkey according to its frozen raw condition.,Account for the frozen raw timing of Ground turkey.,Cook or heat Ground turkey safely for its current condition.,1,Core component state
Ground turkey,Cooked,fridge,0,1,2,5,5,0,3,very low,0,good,Handle Ground turkey according to its cooked condition.,Account for the cooked timing of Ground turkey.,Cook or heat Ground turkey safely for its current condition.,1,Core component state
Turkey breast,Fresh Raw,fridge,1,0,2,12,10,2,6,low,0,fair,Handle Turkey breast according to its fresh raw condition.,Account for the fresh raw timing of Turkey breast.,Cook or heat Turkey breast safely for its current condition.,1,Core component state
Turkey breast,Frozen Raw,freezer,1,0,2,27,10,15,6,high,3,fair,Handle Turkey breast according to its frozen raw condition.,Account for the frozen raw timing of Turkey breast.,Cook or heat Turkey breast safely for its current condition.,1,Core component state
Turkey breast,Cooked,fridge,0,1,2,5,5,0,3,very low,0,good,Handle Turkey breast according to its cooked condition.,Account for the cooked timing of Turkey breast.,Cook or heat Turkey breast safely for its current condition.,1,Core component state
Turkey sausage,Fresh Raw,fridge,1,0,2,12,10,2,6,low,0,fair,Handle Turkey sausage according to its fresh raw condition.,Account for the fresh raw timing of Turkey sausage.,Cook or heat Turkey sausage safely for its current condition.,1,Core component state
Turkey sausage,Frozen Raw,freezer,1,0,2,27,10,15,6,high,3,fair,Handle Turkey sausage according to its frozen raw condition.,Account for the frozen raw timing of Turkey sausage.,Cook or heat Turkey sausage safely for its current condition.,1,Core component state
Turkey sausage,Cooked,fridge,0,1,2,5,5,0,3,very low,0,good,Handle Turkey sausage according to its cooked condition.,Account for the cooked timing of Turkey sausage.,Cook or heat Turkey sausage safely for its current condition.,1,Core component state
Pork loin,Fresh Raw,fridge,1,0,2,12,10,2,6,medium,0,fair,Handle Pork loin according to its fresh raw condition.,Account for the fresh raw timing of Pork loin.,Cook or heat Pork loin safely for its current condition.,1,Core component state
Pork loin,Frozen Raw,freezer,1,0,2,27,10,15,6,high,3,fair,Handle Pork loin according to its frozen raw condition.,Account for the frozen raw timing of Pork loin.,Cook or heat Pork loin safely for its current condition.,1,Core component state
Pork loin,Cooked,fridge,0,1,2,5,5,0,3,very low,0,good,Handle Pork loin according to its cooked condition.,Account for the cooked timing of Pork loin.,Cook or heat Pork loin safely for its current condition.,1,Core component state
Pork shoulder,Fresh Raw,fridge,1,0,2,20,10,10,6,high,0,fair,Handle Pork shoulder according to its fresh raw condition.,Account for the fresh raw timing of Pork shoulder.,Cook or heat Pork shoulder safely for its current condition.,1,Core component state
Pork shoulder,Frozen Raw,freezer,1,0,2,35,10,15,6,high,3,fair,Handle Pork shoulder according to its frozen raw condition.,Account for the frozen raw timing of Pork shoulder.,Cook or heat Pork shoulder safely for its current condition.,1,Core component state
Pork shoulder,Cooked,fridge,0,1,2,5,5,0,3,very low,0,good,Handle Pork shoulder according to its cooked condition.,Account for the cooked timing of Pork shoulder.,Cook or heat Pork shoulder safely for its current condition.,1,Core component state
Pork chops,Fresh Raw,fridge,1,0,2,12,10,2,6,medium,0,fair,Handle Pork chops according to its fresh raw condition.,Account for the fresh raw timing of Pork chops.,Cook or heat Pork chops safely for its current condition.,1,Core component state
Pork chops,Frozen Raw,freezer,1,0,2,27,10,15,6,high,3,fair,Handle Pork chops according to its frozen raw condition.,Account for the frozen raw timing of Pork chops.,Cook or heat Pork chops safely for its current condition.,1,Core component state
Pork chops,Cooked,fridge,0,1,2,5,5,0,3,very low,0,good,Handle Pork chops according to its cooked condition.,Account for the cooked timing of Pork chops.,Cook or heat Pork chops safely for its current condition.,1,Core component state
Ham,Ready to Eat,fridge,0,1,2,3,2,0,2,very low,0,good,Handle Ham according to its ready to eat condition.,Account for the ready to eat timing of Ham.,Cook or heat Ham safely for its current condition.,1,Core component state
Bacon,Fresh Raw,fridge,1,0,2,12,10,2,6,low,0,fair,Handle Bacon according to its fresh raw condition.,Account for the fresh raw timing of Bacon.,Cook or heat Bacon safely for its current condition.,1,Core component state
Bacon,Frozen Raw,freezer,1,0,2,27,10,15,6,high,3,fair,Handle Bacon according to its frozen raw condition.,Account for the frozen raw timing of Bacon.,Cook or heat Bacon safely for its current condition.,1,Core component state
Bacon,Cooked,fridge,0,1,2,5,5,0,3,very low,0,good,Handle Bacon according to its cooked condition.,Account for the cooked timing of Bacon.,Cook or heat Bacon safely for its current condition.,1,Core component state
Breakfast sausage,Fresh Raw,fridge,1,0,2,12,10,2,6,low,0,fair,Handle Breakfast sausage according to its fresh raw condition.,Account for the fresh raw timing of Breakfast sausage.,Cook or heat Breakfast sausage safely for its current condition.,1,Core component state
Breakfast sausage,Frozen Raw,freezer,1,0,2,27,10,15,6,high,3,fair,Handle Breakfast sausage according to its frozen raw condition.,Account for the frozen raw timing of Breakfast sausage.,Cook or heat Breakfast sausage safely for its current condition.,1,Core component state
Breakfast sausage,Cooked,fridge,0,1,2,5,5,0,3,very low,0,good,Handle Breakfast sausage according to its cooked condition.,Account for the cooked timing of Breakfast sausage.,Cook or heat Breakfast sausage safely for its current condition.,1,Core component state
Italian sausage,Fresh Raw,fridge,1,0,2,12,10,2,6,low,0,fair,Handle Italian sausage according to its fresh raw condition.,Account for the fresh raw timing of Italian sausage.,Cook or heat Italian sausage safely for its current condition.,1,Core component state
Italian sausage,Frozen Raw,freezer,1,0,2,27,10,15,6,high,3,fair,Handle Italian sausage according to its frozen raw condition.,Account for the frozen raw timing of Italian sausage.,Cook or heat Italian sausage safely for its current condition.,1,Core component state
Italian sausage,Cooked,fridge,0,1,2,5,5,0,3,very low,0,good,Handle Italian sausage according to its cooked condition.,Account for the cooked timing of Italian sausage.,Cook or heat Italian sausage safely for its current condition.,1,Core component state
Kielbasa,Ready to Eat,fridge,0,1,2,3,2,0,2,very low,0,good,Handle Kielbasa according to its ready to eat condition.,Account for the ready to eat timing of Kielbasa.,Cook or heat Kielbasa safely for its current condition.,1,Core component state
Shrimp,Fresh Raw,fridge,1,0,2,12,10,2,6,low,0,fair,Handle Shrimp according to its fresh raw condition.,Account for the fresh raw timing of Shrimp.,Cook or heat Shrimp safely for its current condition.,1,Core component state
Shrimp,Frozen Raw,freezer,1,0,2,27,10,15,6,high,3,fair,Handle Shrimp according to its frozen raw condition.,Account for the frozen raw timing of Shrimp.,Cook or heat Shrimp safely for its current condition.,1,Core component state
Shrimp,Cooked,fridge,0,1,2,5,5,0,3,very low,0,good,Handle Shrimp according to its cooked condition.,Account for the cooked timing of Shrimp.,Cook or heat Shrimp safely for its current condition.,1,Core component state
Cod,Fresh Raw,fridge,1,0,2,12,10,2,6,low,0,fair,Handle Cod according to its fresh raw condition.,Account for the fresh raw timing of Cod.,Cook or heat Cod safely for its current condition.,1,Core component state
Cod,Frozen Raw,freezer,1,0,2,27,10,15,6,high,3,fair,Handle Cod according to its frozen raw condition.,Account for the frozen raw timing of Cod.,Cook or heat Cod safely for its current condition.,1,Core component state
Cod,Cooked,fridge,0,1,2,5,5,0,3,very low,0,good,Handle Cod according to its cooked condition.,Account for the cooked timing of Cod.,Cook or heat Cod safely for its current condition.,1,Core component state
Tilapia,Fresh Raw,fridge,1,0,2,12,10,2,6,low,0,fair,Handle Tilapia according to its fresh raw condition.,Account for the fresh raw timing of Tilapia.,Cook or heat Tilapia safely for its current condition.,1,Core component state
Tilapia,Frozen Raw,freezer,1,0,2,27,10,15,6,high,3,fair,Handle Tilapia according to its frozen raw condition.,Account for the frozen raw timing of Tilapia.,Cook or heat Tilapia safely for its current condition.,1,Core component state
Tilapia,Cooked,fridge,0,1,2,5,5,0,3,very low,0,good,Handle Tilapia according to its cooked condition.,Account for the cooked timing of Tilapia.,Cook or heat Tilapia safely for its current condition.,1,Core component state
Salmon,Fresh Raw,fridge,1,0,2,12,10,2,6,low,0,fair,Handle Salmon according to its fresh raw condition.,Account for the fresh raw timing of Salmon.,Cook or heat Salmon safely for its current condition.,1,Core component state
Salmon,Frozen Raw,freezer,1,0,2,27,10,15,6,high,3,fair,Handle Salmon according to its frozen raw condition.,Account for the frozen raw timing of Salmon.,Cook or heat Salmon safely for its current condition.,1,Core component state
Salmon,Cooked,fridge,0,1,2,5,5,0,3,very low,0,good,Handle Salmon according to its cooked condition.,Account for the cooked timing of Salmon.,Cook or heat Salmon safely for its current condition.,1,Core component state
Canned tuna,Ready to Eat,fridge,0,1,2,3,2,0,2,very low,0,good,Handle Canned tuna according to its ready to eat condition.,Account for the ready to eat timing of Canned tuna.,Cook or heat Canned tuna safely for its current condition.,1,Core component state
Eggs,Fresh Raw,fridge,1,0,2,12,10,2,6,low,0,fair,Handle Eggs according to its fresh raw condition.,Account for the fresh raw timing of Eggs.,Cook or heat Eggs safely for its current condition.,1,Core component state
Eggs,Frozen Raw,freezer,1,0,2,27,10,15,6,high,3,fair,Handle Eggs according to its frozen raw condition.,Account for the frozen raw timing of Eggs.,Cook or heat Eggs safely for its current condition.,1,Core component state
Eggs,Cooked,fridge,0,1,2,5,5,0,3,very low,0,good,Handle Eggs according to its cooked condition.,Account for the cooked timing of Eggs.,Cook or heat Eggs safely for its current condition.,1,Core component state
Tofu,Fresh Raw,fridge,1,0,2,10,10,0,6,low,0,fair,Handle Tofu according to its fresh raw condition.,Account for the fresh raw timing of Tofu.,Cook or heat Tofu safely for its current condition.,1,Core component state
Tofu,Frozen Raw,freezer,1,0,2,25,10,15,6,high,3,fair,Handle Tofu according to its frozen raw condition.,Account for the frozen raw timing of Tofu.,Cook or heat Tofu safely for its current condition.,1,Core component state
Tofu,Cooked,fridge,0,1,2,5,5,0,3,very low,0,good,Handle Tofu according to its cooked condition.,Account for the cooked timing of Tofu.,Cook or heat Tofu safely for its current condition.,1,Core component state
Tempeh,Fresh Raw,fridge,1,0,2,10,10,0,6,low,0,fair,Handle Tempeh according to its fresh raw condition.,Account for the fresh raw timing of Tempeh.,Cook or heat Tempeh safely for its current condition.,1,Core component state
Tempeh,Frozen Raw,freezer,1,0,2,25,10,15,6,high,3,fair,Handle Tempeh according to its frozen raw condition.,Account for the frozen raw timing of Tempeh.,Cook or heat Tempeh safely for its current condition.,1,Core component state
Tempeh,Cooked,fridge,0,1,2,5,5,0,3,very low,0,good,Handle Tempeh according to its cooked condition.,Account for the cooked timing of Tempeh.,Cook or heat Tempeh safely for its current condition.,1,Core component state
Onions,Fresh,fridge,1,0,2,8,8,0,5,low,0,fair,Wash and trim Onions appropriately.,Use Onions according to its texture and holdability.,Cook Onions in the named vessel only as long as needed.,1,Core vegetable state
Garlic,Fresh,fridge,1,0,2,2,2,0,5,low,0,fair,Wash and trim Garlic appropriately.,Use Garlic according to its texture and holdability.,Cook Garlic in the named vessel only as long as needed.,1,Core vegetable state
Carrots,Fresh,fridge,1,0,2,15,15,0,5,low,0,fair,Wash and trim Carrots appropriately.,Use Carrots according to its texture and holdability.,Cook Carrots in the named vessel only as long as needed.,1,Core vegetable state
Celery,Fresh,fridge,1,0,2,8,8,0,5,low,0,fair,Wash and trim Celery appropriately.,Use Celery according to its texture and holdability.,Cook Celery in the named vessel only as long as needed.,1,Core vegetable state
Potatoes,Fresh,fridge,1,0,2,20,20,0,5,low,0,fair,Wash and trim Potatoes appropriately.,Use Potatoes according to its texture and holdability.,Cook Potatoes in the named vessel only as long as needed.,1,Core vegetable state
Sweet potatoes,Fresh,fridge,1,0,2,20,20,0,5,low,0,fair,Wash and trim Sweet potatoes appropriately.,Use Sweet potatoes according to its texture and holdability.,Cook Sweet potatoes in the named vessel only as long as needed.,1,Core vegetable state
Broccoli,Fresh,fridge,1,0,2,8,8,0,5,low,0,fair,Wash and trim Broccoli appropriately.,Use Broccoli according to its texture and holdability.,Cook Broccoli in the named vessel only as long as needed.,1,Core vegetable state
Cauliflower,Fresh,fridge,1,0,2,10,10,0,5,low,0,fair,Wash and trim Cauliflower appropriately.,Use Cauliflower according to its texture and holdability.,Cook Cauliflower in the named vessel only as long as needed.,1,Core vegetable state
Cabbage,Fresh,fridge,1,0,2,15,15,0,5,low,0,fair,Wash and trim Cabbage appropriately.,Use Cabbage according to its texture and holdability.,Cook Cabbage in the named vessel only as long as needed.,1,Core vegetable state
Kale,Fresh,fridge,1,0,2,10,10,0,5,low,0,poor,Wash and trim Kale appropriately.,Use Kale according to its texture and holdability.,Cook Kale in the named vessel only as long as needed.,1,Core vegetable state
Spinach,Fresh,fridge,1,0,2,3,3,0,5,low,0,poor,Wash and trim Spinach appropriately.,Use Spinach according to its texture and holdability.,Cook Spinach in the named vessel only as long as needed.,1,Core vegetable state
Swiss chard,Fresh,fridge,1,0,2,6,6,0,5,low,0,poor,Wash and trim Swiss chard appropriately.,Use Swiss chard according to its texture and holdability.,Cook Swiss chard in the named vessel only as long as needed.,1,Core vegetable state
Lettuce,Fresh,fridge,0,1,2,0,0,0,2,very low,0,poor,Wash and trim Lettuce appropriately.,Use Lettuce according to its texture and holdability.,Cook Lettuce in the named vessel only as long as needed.,1,Core vegetable state
Romaine lettuce,Fresh,fridge,0,1,2,0,0,0,2,very low,0,poor,Wash and trim Romaine lettuce appropriately.,Use Romaine lettuce according to its texture and holdability.,Cook Romaine lettuce in the named vessel only as long as needed.,1,Core vegetable state
Iceberg lettuce,Fresh,fridge,0,1,2,0,0,0,2,very low,0,poor,Wash and trim Iceberg lettuce appropriately.,Use Iceberg lettuce according to its texture and holdability.,Cook Iceberg lettuce in the named vessel only as long as needed.,1,Core vegetable state
Green beans,Fresh,fridge,1,0,2,8,8,0,5,low,0,fair,Wash and trim Green beans appropriately.,Use Green beans according to its texture and holdability.,Cook Green beans in the named vessel only as long as needed.,1,Core vegetable state
Peas,Fresh,fridge,1,0,2,5,5,0,5,low,0,fair,Wash and trim Peas appropriately.,Use Peas according to its texture and holdability.,Cook Peas in the named vessel only as long as needed.,1,Core vegetable state
Corn,Fresh,fridge,1,0,2,5,5,0,5,low,0,fair,Wash and trim Corn appropriately.,Use Corn according to its texture and holdability.,Cook Corn in the named vessel only as long as needed.,1,Core vegetable state
Zucchini,Fresh,fridge,1,0,2,6,6,0,5,low,0,fair,Wash and trim Zucchini appropriately.,Use Zucchini according to its texture and holdability.,Cook Zucchini in the named vessel only as long as needed.,1,Core vegetable state
Yellow squash,Fresh,fridge,1,0,2,6,6,0,5,low,0,fair,Wash and trim Yellow squash appropriately.,Use Yellow squash according to its texture and holdability.,Cook Yellow squash in the named vessel only as long as needed.,1,Core vegetable state
Butternut squash,Fresh,fridge,1,0,2,25,25,0,5,low,0,fair,Wash and trim Butternut squash appropriately.,Use Butternut squash according to its texture and holdability.,Cook Butternut squash in the named vessel only as long as needed.,1,Core vegetable state
Acorn squash,Fresh,fridge,1,0,2,30,30,0,5,low,0,fair,Wash and trim Acorn squash appropriately.,Use Acorn squash according to its texture and holdability.,Cook Acorn squash in the named vessel only as long as needed.,1,Core vegetable state
Pumpkin,Fresh,fridge,1,0,2,15,15,0,5,low,0,fair,Wash and trim Pumpkin appropriately.,Use Pumpkin according to its texture and holdability.,Cook Pumpkin in the named vessel only as long as needed.,1,Core vegetable state
Mushrooms,Fresh,fridge,1,0,2,8,8,0,5,low,0,fair,Wash and trim Mushrooms appropriately.,Use Mushrooms according to its texture and holdability.,Cook Mushrooms in the named vessel only as long as needed.,1,Core vegetable state
Green bell pepper,Fresh,fridge,1,0,2,8,8,0,5,low,0,fair,Wash and trim Green bell pepper appropriately.,Use Green bell pepper according to its texture and holdability.,Cook Green bell pepper in the named vessel only as long as needed.,1,Core vegetable state
Red bell pepper,Fresh,fridge,1,0,2,8,8,0,5,low,0,fair,Wash and trim Red bell pepper appropriately.,Use Red bell pepper according to its texture and holdability.,Cook Red bell pepper in the named vessel only as long as needed.,1,Core vegetable state
Yellow bell pepper,Fresh,fridge,1,0,2,8,8,0,5,low,0,fair,Wash and trim Yellow bell pepper appropriately.,Use Yellow bell pepper according to its texture and holdability.,Cook Yellow bell pepper in the named vessel only as long as needed.,1,Core vegetable state
Orange bell pepper,Fresh,fridge,1,0,2,8,8,0,5,low,0,fair,Wash and trim Orange bell pepper appropriately.,Use Orange bell pepper according to its texture and holdability.,Cook Orange bell pepper in the named vessel only as long as needed.,1,Core vegetable state
Jalapenos,Fresh,fridge,1,0,2,5,5,0,5,low,0,fair,Wash and trim Jalapenos appropriately.,Use Jalapenos according to its texture and holdability.,Cook Jalapenos in the named vessel only as long as needed.,1,Core vegetable state
Poblanos,Fresh,fridge,1,0,2,10,10,0,5,low,0,fair,Wash and trim Poblanos appropriately.,Use Poblanos according to its texture and holdability.,Cook Poblanos in the named vessel only as long as needed.,1,Core vegetable state
Serranos,Fresh,fridge,1,0,2,5,5,0,5,low,0,fair,Wash and trim Serranos appropriately.,Use Serranos according to its texture and holdability.,Cook Serranos in the named vessel only as long as needed.,1,Core vegetable state
Tomatoes,Fresh,fridge,1,0,2,8,8,0,5,low,0,fair,Wash and trim Tomatoes appropriately.,Use Tomatoes according to its texture and holdability.,Cook Tomatoes in the named vessel only as long as needed.,1,Core vegetable state
Cherry tomatoes,Fresh,fridge,1,0,2,5,5,0,5,low,0,fair,Wash and trim Cherry tomatoes appropriately.,Use Cherry tomatoes according to its texture and holdability.,Cook Cherry tomatoes in the named vessel only as long as needed.,1,Core vegetable state
Tomatillos,Fresh,fridge,1,0,2,10,10,0,5,low,0,fair,Wash and trim Tomatillos appropriately.,Use Tomatillos according to its texture and holdability.,Cook Tomatillos in the named vessel only as long as needed.,1,Core vegetable state
Cucumbers,Fresh,fridge,0,1,2,0,0,0,2,very low,0,poor,Wash and trim Cucumbers appropriately.,Use Cucumbers according to its texture and holdability.,Cook Cucumbers in the named vessel only as long as needed.,1,Core vegetable state
Radishes,Fresh,fridge,1,0,2,5,5,0,5,low,0,fair,Wash and trim Radishes appropriately.,Use Radishes according to its texture and holdability.,Cook Radishes in the named vessel only as long as needed.,1,Core vegetable state
Turnips,Fresh,fridge,1,0,2,20,20,0,5,low,0,fair,Wash and trim Turnips appropriately.,Use Turnips according to its texture and holdability.,Cook Turnips in the named vessel only as long as needed.,1,Core vegetable state
Rutabagas,Fresh,fridge,1,0,2,25,25,0,5,low,0,fair,Wash and trim Rutabagas appropriately.,Use Rutabagas according to its texture and holdability.,Cook Rutabagas in the named vessel only as long as needed.,1,Core vegetable state
Parsnips,Fresh,fridge,1,0,2,20,20,0,5,low,0,fair,Wash and trim Parsnips appropriately.,Use Parsnips according to its texture and holdability.,Cook Parsnips in the named vessel only as long as needed.,1,Core vegetable state
Beets,Fresh,fridge,1,0,2,35,35,0,5,low,0,fair,Wash and trim Beets appropriately.,Use Beets according to its texture and holdability.,Cook Beets in the named vessel only as long as needed.,1,Core vegetable state
Asparagus,Fresh,fridge,1,0,2,7,7,0,5,low,0,fair,Wash and trim Asparagus appropriately.,Use Asparagus according to its texture and holdability.,Cook Asparagus in the named vessel only as long as needed.,1,Core vegetable state
Brussels sprouts,Fresh,fridge,1,0,2,15,15,0,5,low,0,fair,Wash and trim Brussels sprouts appropriately.,Use Brussels sprouts according to its texture and holdability.,Cook Brussels sprouts in the named vessel only as long as needed.,1,Core vegetable state
Bok choy,Fresh,fridge,1,0,2,6,6,0,5,low,0,poor,Wash and trim Bok choy appropriately.,Use Bok choy according to its texture and holdability.,Cook Bok choy in the named vessel only as long as needed.,1,Core vegetable state
Napa cabbage,Fresh,fridge,1,0,2,8,8,0,5,low,0,fair,Wash and trim Napa cabbage appropriately.,Use Napa cabbage according to its texture and holdability.,Cook Napa cabbage in the named vessel only as long as needed.,1,Core vegetable state
Leeks,Fresh,fridge,1,0,2,12,12,0,5,low,0,fair,Wash and trim Leeks appropriately.,Use Leeks according to its texture and holdability.,Cook Leeks in the named vessel only as long as needed.,1,Core vegetable state
Scallions,Fresh,fridge,1,0,2,2,2,0,5,low,0,fair,Wash and trim Scallions appropriately.,Use Scallions according to its texture and holdability.,Cook Scallions in the named vessel only as long as needed.,1,Core vegetable state
Shallots,Fresh,fridge,1,0,2,6,6,0,5,low,0,fair,Wash and trim Shallots appropriately.,Use Shallots according to its texture and holdability.,Cook Shallots in the named vessel only as long as needed.,1,Core vegetable state
Artichokes,Fresh,fridge,1,0,2,10,10,0,5,low,0,fair,Wash and trim Artichokes appropriately.,Use Artichokes according to its texture and holdability.,Cook Artichokes in the named vessel only as long as needed.,1,Core vegetable state
Okra,Fresh,fridge,1,0,2,10,10,0,5,low,0,fair,Wash and trim Okra appropriately.,Use Okra according to its texture and holdability.,Cook Okra in the named vessel only as long as needed.,1,Core vegetable state
Eggplant,Fresh,fridge,1,0,2,15,15,0,5,low,0,fair,Wash and trim Eggplant appropriately.,Use Eggplant according to its texture and holdability.,Cook Eggplant in the named vessel only as long as needed.,1,Core vegetable state
Water chestnuts,Fresh,fridge,1,0,2,3,3,0,2,low,0,fair,Wash and trim Water chestnuts appropriately.,Use Water chestnuts according to its texture and holdability.,Cook Water chestnuts in the named vessel only as long as needed.,1,Core vegetable state
Bamboo shoots,Fresh,fridge,1,0,2,5,5,0,2,low,0,fair,Wash and trim Bamboo shoots appropriately.,Use Bamboo shoots according to its texture and holdability.,Cook Bamboo shoots in the named vessel only as long as needed.,1,Core vegetable state
Black olives,Fresh,fridge,0,1,2,0,0,0,2,very low,0,poor,Wash and trim Black olives appropriately.,Use Black olives according to its texture and holdability.,Cook Black olives in the named vessel only as long as needed.,1,Core vegetable state
Green olives,Fresh,fridge,0,1,2,0,0,0,2,very low,0,poor,Wash and trim Green olives appropriately.,Use Green olives according to its texture and holdability.,Cook Green olives in the named vessel only as long as needed.,1,Core vegetable state
Sauerkraut,Fresh,fridge,1,0,2,5,5,0,2,low,0,fair,Wash and trim Sauerkraut appropriately.,Use Sauerkraut according to its texture and holdability.,Cook Sauerkraut in the named vessel only as long as needed.,1,Core vegetable state
Pickles,Fresh,fridge,0,1,2,0,0,0,2,very low,0,poor,Wash and trim Pickles appropriately.,Use Pickles according to its texture and holdability.,Cook Pickles in the named vessel only as long as needed.,1,Core vegetable state
Celery root,Fresh,fridge,1,0,2,25,25,0,5,low,0,fair,Wash and trim Celery root appropriately.,Use Celery root according to its texture and holdability.,Cook Celery root in the named vessel only as long as needed.,1,Core vegetable state
Fennel,Fresh,fridge,1,0,2,12,12,0,5,low,0,fair,Wash and trim Fennel appropriately.,Use Fennel according to its texture and holdability.,Cook Fennel in the named vessel only as long as needed.,1,Core vegetable state
Snap peas,Fresh,fridge,1,0,2,3,3,0,5,low,0,fair,Wash and trim Snap peas appropriately.,Use Snap peas according to its texture and holdability.,Cook Snap peas in the named vessel only as long as needed.,1,Core vegetable state
Snow peas,Fresh,fridge,1,0,2,3,3,0,5,low,0,fair,Wash and trim Snow peas appropriately.,Use Snow peas according to its texture and holdability.,Cook Snow peas in the named vessel only as long as needed.,1,Core vegetable state
Bean sprouts,Fresh,fridge,1,0,2,2,2,0,5,low,0,fair,Wash and trim Bean sprouts appropriately.,Use Bean sprouts according to its texture and holdability.,Cook Bean sprouts in the named vessel only as long as needed.,1,Core vegetable state
Collard greens,Fresh,fridge,1,0,2,25,25,0,5,low,0,poor,Wash and trim Collard greens appropriately.,Use Collard greens according to its texture and holdability.,Cook Collard greens in the named vessel only as long as needed.,1,Core vegetable state
Mustard greens,Fresh,fridge,1,0,2,20,20,0,5,low,0,poor,Wash and trim Mustard greens appropriately.,Use Mustard greens according to its texture and holdability.,Cook Mustard greens in the named vessel only as long as needed.,1,Core vegetable state
Black beans,Dry,pantry,1,0,5,60,5,55,3,medium,2,excellent,Sort and rinse dry Black beans; soak when appropriate.,Start dry Black beans well before the rest of the meal.,Simmer Black beans in a pot until fully tender.,1,Dry pantry legume state
Black beans,Canned,pantry,0,1,2,5,2,3,2,very low,0,excellent,Drain and rinse canned Black beans when appropriate.,Add canned Black beans late enough to avoid breaking them down.,Warm canned Black beans gently in a saucepan or skillet.,1,Canned pantry legume state
Pinto beans,Dry,pantry,1,0,5,60,5,55,3,medium,2,excellent,Sort and rinse dry Pinto beans; soak when appropriate.,Start dry Pinto beans well before the rest of the meal.,Simmer Pinto beans in a pot until fully tender.,1,Dry pantry legume state
Pinto beans,Canned,pantry,0,1,2,5,2,3,2,very low,0,excellent,Drain and rinse canned Pinto beans when appropriate.,Add canned Pinto beans late enough to avoid breaking them down.,Warm canned Pinto beans gently in a saucepan or skillet.,1,Canned pantry legume state
Navy beans,Dry,pantry,1,0,5,60,5,55,3,medium,2,excellent,Sort and rinse dry Navy beans; soak when appropriate.,Start dry Navy beans well before the rest of the meal.,Simmer Navy beans in a pot until fully tender.,1,Dry pantry legume state
Navy beans,Canned,pantry,0,1,2,5,2,3,2,very low,0,excellent,Drain and rinse canned Navy beans when appropriate.,Add canned Navy beans late enough to avoid breaking them down.,Warm canned Navy beans gently in a saucepan or skillet.,1,Canned pantry legume state
Great Northern beans,Dry,pantry,1,0,5,60,5,55,3,medium,2,excellent,Sort and rinse dry Great Northern beans; soak when appropriate.,Start dry Great Northern beans well before the rest of the meal.,Simmer Great Northern beans in a pot until fully tender.,1,Dry pantry legume state
Great Northern beans,Canned,pantry,0,1,2,5,2,3,2,very low,0,excellent,Drain and rinse canned Great Northern beans when appropriate.,Add canned Great Northern beans late enough to avoid breaking them down.,Warm canned Great Northern beans gently in a saucepan or skillet.,1,Canned pantry legume state
Cannellini beans,Dry,pantry,1,0,5,60,5,55,3,medium,2,excellent,Sort and rinse dry Cannellini beans; soak when appropriate.,Start dry Cannellini beans well before the rest of the meal.,Simmer Cannellini beans in a pot until fully tender.,1,Dry pantry legume state
Cannellini beans,Canned,pantry,0,1,2,5,2,3,2,very low,0,excellent,Drain and rinse canned Cannellini beans when appropriate.,Add canned Cannellini beans late enough to avoid breaking them down.,Warm canned Cannellini beans gently in a saucepan or skillet.,1,Canned pantry legume state
Kidney beans,Dry,pantry,1,0,5,60,5,55,3,medium,2,excellent,Sort and rinse dry Kidney beans; soak when appropriate.,Start dry Kidney beans well before the rest of the meal.,Simmer Kidney beans in a pot until fully tender.,1,Dry pantry legume state
Kidney beans,Canned,pantry,0,1,2,5,2,3,2,very low,0,excellent,Drain and rinse canned Kidney beans when appropriate.,Add canned Kidney beans late enough to avoid breaking them down.,Warm canned Kidney beans gently in a saucepan or skillet.,1,Canned pantry legume state
Lima beans,Dry,pantry,1,0,5,60,5,55,3,medium,2,excellent,Sort and rinse dry Lima beans; soak when appropriate.,Start dry Lima beans well before the rest of the meal.,Simmer Lima beans in a pot until fully tender.,1,Dry pantry legume state
Lima beans,Canned,pantry,0,1,2,5,2,3,2,very low,0,excellent,Drain and rinse canned Lima beans when appropriate.,Add canned Lima beans late enough to avoid breaking them down.,Warm canned Lima beans gently in a saucepan or skillet.,1,Canned pantry legume state
Butter beans,Dry,pantry,1,0,5,60,5,55,3,medium,2,excellent,Sort and rinse dry Butter beans; soak when appropriate.,Start dry Butter beans well before the rest of the meal.,Simmer Butter beans in a pot until fully tender.,1,Dry pantry legume state
Butter beans,Canned,pantry,0,1,2,5,2,3,2,very low,0,excellent,Drain and rinse canned Butter beans when appropriate.,Add canned Butter beans late enough to avoid breaking them down.,Warm canned Butter beans gently in a saucepan or skillet.,1,Canned pantry legume state
Chickpeas,Dry,pantry,1,0,5,60,5,55,3,medium,2,excellent,Sort and rinse dry Chickpeas; soak when appropriate.,Start dry Chickpeas well before the rest of the meal.,Simmer Chickpeas in a pot until fully tender.,1,Dry pantry legume state
Chickpeas,Canned,pantry,0,1,2,5,2,3,2,very low,0,excellent,Drain and rinse canned Chickpeas when appropriate.,Add canned Chickpeas late enough to avoid breaking them down.,Warm canned Chickpeas gently in a saucepan or skillet.,1,Canned pantry legume state
Black-eyed peas,Dry,pantry,1,0,5,60,5,55,3,medium,2,excellent,Sort and rinse dry Black-eyed peas; soak when appropriate.,Start dry Black-eyed peas well before the rest of the meal.,Simmer Black-eyed peas in a pot until fully tender.,1,Dry pantry legume state
Black-eyed peas,Canned,pantry,0,1,2,5,2,3,2,very low,0,excellent,Drain and rinse canned Black-eyed peas when appropriate.,Add canned Black-eyed peas late enough to avoid breaking them down.,Warm canned Black-eyed peas gently in a saucepan or skillet.,1,Canned pantry legume state
Split peas,Dry,pantry,1,0,5,60,5,55,3,medium,2,excellent,Sort and rinse dry Split peas; soak when appropriate.,Start dry Split peas well before the rest of the meal.,Simmer Split peas in a pot until fully tender.,1,Dry pantry legume state
Split peas,Canned,pantry,0,1,2,5,2,3,2,very low,0,excellent,Drain and rinse canned Split peas when appropriate.,Add canned Split peas late enough to avoid breaking them down.,Warm canned Split peas gently in a saucepan or skillet.,1,Canned pantry legume state
Green lentils,Dry,pantry,1,0,5,60,5,55,3,medium,2,excellent,Sort and rinse dry Green lentils; soak when appropriate.,Start dry Green lentils well before the rest of the meal.,Simmer Green lentils in a pot until fully tender.,1,Dry pantry legume state
Green lentils,Canned,pantry,0,1,2,5,2,3,2,very low,0,excellent,Drain and rinse canned Green lentils when appropriate.,Add canned Green lentils late enough to avoid breaking them down.,Warm canned Green lentils gently in a saucepan or skillet.,1,Canned pantry legume state
Red lentils,Dry,pantry,1,0,5,60,5,55,3,medium,2,excellent,Sort and rinse dry Red lentils; soak when appropriate.,Start dry Red lentils well before the rest of the meal.,Simmer Red lentils in a pot until fully tender.,1,Dry pantry legume state
Red lentils,Canned,pantry,0,1,2,5,2,3,2,very low,0,excellent,Drain and rinse canned Red lentils when appropriate.,Add canned Red lentils late enough to avoid breaking them down.,Warm canned Red lentils gently in a saucepan or skillet.,1,Canned pantry legume state
Yellow lentils,Dry,pantry,1,0,5,60,5,55,3,medium,2,excellent,Sort and rinse dry Yellow lentils; soak when appropriate.,Start dry Yellow lentils well before the rest of the meal.,Simmer Yellow lentils in a pot until fully tender.,1,Dry pantry legume state
Yellow lentils,Canned,pantry,0,1,2,5,2,3,2,very low,0,excellent,Drain and rinse canned Yellow lentils when appropriate.,Add canned Yellow lentils late enough to avoid breaking them down.,Warm canned Yellow lentils gently in a saucepan or skillet.,1,Canned pantry legume state
Refried beans,Dry,pantry,1,0,5,60,5,55,3,medium,2,excellent,Sort and rinse dry Refried beans; soak when appropriate.,Start dry Refried beans well before the rest of the meal.,Simmer Refried beans in a pot until fully tender.,1,Dry pantry legume state
Refried beans,Canned,pantry,0,1,2,5,2,3,2,very low,0,excellent,Drain and rinse canned Refried beans when appropriate.,Add canned Refried beans late enough to avoid breaking them down.,Warm canned Refried beans gently in a saucepan or skillet.,1,Canned pantry legume state
Baked beans,Dry,pantry,1,0,5,60,5,55,3,medium,2,excellent,Sort and rinse dry Baked beans; soak when appropriate.,Start dry Baked beans well before the rest of the meal.,Simmer Baked beans in a pot until fully tender.,1,Dry pantry legume state
Baked beans,Canned,pantry,0,1,2,5,2,3,2,very low,0,excellent,Drain and rinse canned Baked beans when appropriate.,Add canned Baked beans late enough to avoid breaking them down.,Warm canned Baked beans gently in a saucepan or skillet.,1,Canned pantry legume state
White beans,Dry,pantry,1,0,5,60,5,55,3,medium,2,excellent,Sort and rinse dry White beans; soak when appropriate.,Start dry White beans well before the rest of the meal.,Simmer White beans in a pot until fully tender.,1,Dry pantry legume state
White beans,Canned,pantry,0,1,2,5,2,3,2,very low,0,excellent,Drain and rinse canned White beans when appropriate.,Add canned White beans late enough to avoid breaking them down.,Warm canned White beans gently in a saucepan or skillet.,1,Canned pantry legume state
Cranberry beans,Dry,pantry,1,0,5,60,5,55,3,medium,2,excellent,Sort and rinse dry Cranberry beans; soak when appropriate.,Start dry Cranberry beans well before the rest of the meal.,Simmer Cranberry beans in a pot until fully tender.,1,Dry pantry legume state
Cranberry beans,Canned,pantry,0,1,2,5,2,3,2,very low,0,excellent,Drain and rinse canned Cranberry beans when appropriate.,Add canned Cranberry beans late enough to avoid breaking them down.,Warm canned Cranberry beans gently in a saucepan or skillet.,1,Canned pantry legume state
Mayocoba beans,Dry,pantry,1,0,5,60,5,55,3,medium,2,excellent,Sort and rinse dry Mayocoba beans; soak when appropriate.,Start dry Mayocoba beans well before the rest of the meal.,Simmer Mayocoba beans in a pot until fully tender.,1,Dry pantry legume state
Mayocoba beans,Canned,pantry,0,1,2,5,2,3,2,very low,0,excellent,Drain and rinse canned Mayocoba beans when appropriate.,Add canned Mayocoba beans late enough to avoid breaking them down.,Warm canned Mayocoba beans gently in a saucepan or skillet.,1,Canned pantry legume state
Milk,Ready to Use,fridge,0,1,1,0,1,0,1,very low,0,good,Measure or portion Milk as needed.,Add Milk at the stage appropriate to its flavor and texture.,Use Milk as a supporting ingredient; do not treat it as a standalone meal component.,1,Supporting ingredient state
Heavy cream,Ready to Use,fridge,0,1,1,0,1,0,1,very low,0,good,Measure or portion Heavy cream as needed.,Add Heavy cream at the stage appropriate to its flavor and texture.,Use Heavy cream as a supporting ingredient; do not treat it as a standalone meal component.,1,Supporting ingredient state
Half-and-half,Ready to Use,fridge,0,1,1,0,1,0,1,very low,0,good,Measure or portion Half-and-half as needed.,Add Half-and-half at the stage appropriate to its flavor and texture.,Use Half-and-half as a supporting ingredient; do not treat it as a standalone meal component.,1,Supporting ingredient state
Butter,Ready to Use,fridge,0,1,1,0,1,0,1,very low,0,good,Measure or portion Butter as needed.,Add Butter at the stage appropriate to its flavor and texture.,Use Butter as a supporting ingredient; do not treat it as a standalone meal component.,1,Supporting ingredient state
Margarine,Ready to Use,fridge,0,1,1,0,1,0,1,very low,0,good,Measure or portion Margarine as needed.,Add Margarine at the stage appropriate to its flavor and texture.,Use Margarine as a supporting ingredient; do not treat it as a standalone meal component.,1,Supporting ingredient state
Cream cheese,Ready to Use,fridge,0,1,1,0,1,0,1,very low,0,good,Measure or portion Cream cheese as needed.,Add Cream cheese at the stage appropriate to its flavor and texture.,Use Cream cheese as a supporting ingredient; do not treat it as a standalone meal component.,1,Supporting ingredient state
Sour cream,Ready to Use,fridge,0,1,1,0,1,0,1,very low,0,good,Measure or portion Sour cream as needed.,Add Sour cream at the stage appropriate to its flavor and texture.,Use Sour cream as a supporting ingredient; do not treat it as a standalone meal component.,1,Supporting ingredient state
Greek yogurt,Ready to Use,fridge,0,1,1,0,1,0,1,very low,0,good,Measure or portion Greek yogurt as needed.,Add Greek yogurt at the stage appropriate to its flavor and texture.,Use Greek yogurt as a supporting ingredient; do not treat it as a standalone meal component.,1,Supporting ingredient state
Cheddar cheese,Ready to Use,fridge,0,1,1,0,1,0,1,very low,0,good,Measure or portion Cheddar cheese as needed.,Add Cheddar cheese at the stage appropriate to its flavor and texture.,Use Cheddar cheese as a supporting ingredient; do not treat it as a standalone meal component.,1,Supporting ingredient state
Mozzarella cheese,Ready to Use,fridge,0,1,1,0,1,0,1,very low,0,good,Measure or portion Mozzarella cheese as needed.,Add Mozzarella cheese at the stage appropriate to its flavor and texture.,Use Mozzarella cheese as a supporting ingredient; do not treat it as a standalone meal component.,1,Supporting ingredient state
Parmesan cheese,Ready to Use,fridge,0,1,1,0,1,0,1,very low,0,good,Measure or portion Parmesan cheese as needed.,Add Parmesan cheese at the stage appropriate to its flavor and texture.,Use Parmesan cheese as a supporting ingredient; do not treat it as a standalone meal component.,1,Supporting ingredient state
Swiss cheese,Ready to Use,fridge,0,1,1,0,1,0,1,very low,0,good,Measure or portion Swiss cheese as needed.,Add Swiss cheese at the stage appropriate to its flavor and texture.,Use Swiss cheese as a supporting ingredient; do not treat it as a standalone meal component.,1,Supporting ingredient state
Monterey Jack cheese,Ready to Use,fridge,0,1,1,0,1,0,1,very low,0,good,Measure or portion Monterey Jack cheese as needed.,Add Monterey Jack cheese at the stage appropriate to its flavor and texture.,Use Monterey Jack cheese as a supporting ingredient; do not treat it as a standalone meal component.,1,Supporting ingredient state
Pepper Jack cheese,Ready to Use,fridge,0,1,1,0,1,0,1,very low,0,good,Measure or portion Pepper Jack cheese as needed.,Add Pepper Jack cheese at the stage appropriate to its flavor and texture.,Use Pepper Jack cheese as a supporting ingredient; do not treat it as a standalone meal component.,1,Supporting ingredient state
Colby Jack cheese,Ready to Use,fridge,0,1,1,0,1,0,1,very low,0,good,Measure or portion Colby Jack cheese as needed.,Add Colby Jack cheese at the stage appropriate to its flavor and texture.,Use Colby Jack cheese as a supporting ingredient; do not treat it as a standalone meal component.,1,Supporting ingredient state
American cheese,Ready to Use,fridge,0,1,1,0,1,0,1,very low,0,good,Measure or portion American cheese as needed.,Add American cheese at the stage appropriate to its flavor and texture.,Use American cheese as a supporting ingredient; do not treat it as a standalone meal component.,1,Supporting ingredient state
Cottage cheese,Ready to Use,fridge,0,1,1,0,1,0,1,very low,0,good,Measure or portion Cottage cheese as needed.,Add Cottage cheese at the stage appropriate to its flavor and texture.,Use Cottage cheese as a supporting ingredient; do not treat it as a standalone meal component.,1,Supporting ingredient state
Ricotta cheese,Ready to Use,fridge,0,1,1,0,1,0,1,very low,0,good,Measure or portion Ricotta cheese as needed.,Add Ricotta cheese at the stage appropriate to its flavor and texture.,Use Ricotta cheese as a supporting ingredient; do not treat it as a standalone meal component.,1,Supporting ingredient state
Feta cheese,Ready to Use,fridge,0,1,1,0,1,0,1,very low,0,good,Measure or portion Feta cheese as needed.,Add Feta cheese at the stage appropriate to its flavor and texture.,Use Feta cheese as a supporting ingredient; do not treat it as a standalone meal component.,1,Supporting ingredient state
Blue cheese,Ready to Use,fridge,0,1,1,0,1,0,1,very low,0,good,Measure or portion Blue cheese as needed.,Add Blue cheese at the stage appropriate to its flavor and texture.,Use Blue cheese as a supporting ingredient; do not treat it as a standalone meal component.,1,Supporting ingredient state
Apples,Ready to Use,fridge,0,1,1,0,1,0,1,very low,0,good,Measure or portion Apples as needed.,Add Apples at the stage appropriate to its flavor and texture.,Use Apples as a supporting ingredient; do not treat it as a standalone meal component.,1,Supporting ingredient state
Bananas,Ready to Use,counter,0,1,1,0,1,0,1,very low,0,good,Measure or portion Bananas as needed.,Add Bananas at the stage appropriate to its flavor and texture.,Use Bananas as a supporting ingredient; do not treat it as a standalone meal component.,1,Supporting ingredient state
Lemons,Ready to Use,fridge,0,1,1,0,1,0,1,very low,0,good,Measure or portion Lemons as needed.,Add Lemons at the stage appropriate to its flavor and texture.,Use Lemons as a supporting ingredient; do not treat it as a standalone meal component.,1,Supporting ingredient state
Limes,Ready to Use,fridge,0,1,1,0,1,0,1,very low,0,good,Measure or portion Limes as needed.,Add Limes at the stage appropriate to its flavor and texture.,Use Limes as a supporting ingredient; do not treat it as a standalone meal component.,1,Supporting ingredient state
Oranges,Ready to Use,fridge,0,1,1,0,1,0,1,very low,0,good,Measure or portion Oranges as needed.,Add Oranges at the stage appropriate to its flavor and texture.,Use Oranges as a supporting ingredient; do not treat it as a standalone meal component.,1,Supporting ingredient state
Pineapple,Ready to Use,fridge,0,1,1,0,1,0,1,very low,0,good,Measure or portion Pineapple as needed.,Add Pineapple at the stage appropriate to its flavor and texture.,Use Pineapple as a supporting ingredient; do not treat it as a standalone meal component.,1,Supporting ingredient state
Peaches,Ready to Use,fridge,0,1,1,0,1,0,1,very low,0,good,Measure or portion Peaches as needed.,Add Peaches at the stage appropriate to its flavor and texture.,Use Peaches as a supporting ingredient; do not treat it as a standalone meal component.,1,Supporting ingredient state
Pears,Ready to Use,fridge,0,1,1,0,1,0,1,very low,0,good,Measure or portion Pears as needed.,Add Pears at the stage appropriate to its flavor and texture.,Use Pears as a supporting ingredient; do not treat it as a standalone meal component.,1,Supporting ingredient state
Strawberries,Ready to Use,fridge,0,1,1,0,1,0,1,very low,0,good,Measure or portion Strawberries as needed.,Add Strawberries at the stage appropriate to its flavor and texture.,Use Strawberries as a supporting ingredient; do not treat it as a standalone meal component.,1,Supporting ingredient state
Blueberries,Ready to Use,fridge,0,1,1,0,1,0,1,very low,0,good,Measure or portion Blueberries as needed.,Add Blueberries at the stage appropriate to its flavor and texture.,Use Blueberries as a supporting ingredient; do not treat it as a standalone meal component.,1,Supporting ingredient state
Raspberries,Ready to Use,fridge,0,1,1,0,1,0,1,very low,0,good,Measure or portion Raspberries as needed.,Add Raspberries at the stage appropriate to its flavor and texture.,Use Raspberries as a supporting ingredient; do not treat it as a standalone meal component.,1,Supporting ingredient state
Blackberries,Ready to Use,fridge,0,1,1,0,1,0,1,very low,0,good,Measure or portion Blackberries as needed.,Add Blackberries at the stage appropriate to its flavor and texture.,Use Blackberries as a supporting ingredient; do not treat it as a standalone meal component.,1,Supporting ingredient state
Cranberries,Ready to Use,freezer,0,1,1,0,1,0,1,very low,0,good,Measure or portion Cranberries as needed.,Add Cranberries at the stage appropriate to its flavor and texture.,Use Cranberries as a supporting ingredient; do not treat it as a standalone meal component.,1,Supporting ingredient state
Grapes,Ready to Use,fridge,0,1,1,0,1,0,1,very low,0,good,Measure or portion Grapes as needed.,Add Grapes at the stage appropriate to its flavor and texture.,Use Grapes as a supporting ingredient; do not treat it as a standalone meal component.,1,Supporting ingredient state
Mango,Ready to Use,fridge,0,1,1,0,1,0,1,very low,0,good,Measure or portion Mango as needed.,Add Mango at the stage appropriate to its flavor and texture.,Use Mango as a supporting ingredient; do not treat it as a standalone meal component.,1,Supporting ingredient state
Papaya,Ready to Use,fridge,0,1,1,0,1,0,1,very low,0,good,Measure or portion Papaya as needed.,Add Papaya at the stage appropriate to its flavor and texture.,Use Papaya as a supporting ingredient; do not treat it as a standalone meal component.,1,Supporting ingredient state
Kiwi,Ready to Use,fridge,0,1,1,0,1,0,1,very low,0,good,Measure or portion Kiwi as needed.,Add Kiwi at the stage appropriate to its flavor and texture.,Use Kiwi as a supporting ingredient; do not treat it as a standalone meal component.,1,Supporting ingredient state
Avocado,Ready to Use,counter,0,1,1,0,1,0,1,very low,0,good,Measure or portion Avocado as needed.,Add Avocado at the stage appropriate to its flavor and texture.,Use Avocado as a supporting ingredient; do not treat it as a standalone meal component.,1,Supporting ingredient state
Coconut,Ready to Use,pantry,0,1,1,0,1,0,1,very low,0,excellent,Measure or portion Coconut as needed.,Add Coconut at the stage appropriate to its flavor and texture.,Use Coconut as a supporting ingredient; do not treat it as a standalone meal component.,1,Supporting ingredient state
Raisins,Ready to Use,pantry,0,1,1,0,1,0,1,very low,0,excellent,Measure or portion Raisins as needed.,Add Raisins at the stage appropriate to its flavor and texture.,Use Raisins as a supporting ingredient; do not treat it as a standalone meal component.,1,Supporting ingredient state
All-purpose flour,Ready to Use,pantry,0,1,1,0,1,0,1,very low,0,excellent,Measure or portion All-purpose flour as needed.,Add All-purpose flour at the stage appropriate to its flavor and texture.,Use All-purpose flour as a supporting ingredient; do not treat it as a standalone meal component.,1,Supporting ingredient state
Sugar,Ready to Use,pantry,0,1,1,0,1,0,1,very low,0,excellent,Measure or portion Sugar as needed.,Add Sugar at the stage appropriate to its flavor and texture.,Use Sugar as a supporting ingredient; do not treat it as a standalone meal component.,1,Supporting ingredient state
Brown sugar,Ready to Use,pantry,0,1,1,0,1,0,1,very low,0,excellent,Measure or portion Brown sugar as needed.,Add Brown sugar at the stage appropriate to its flavor and texture.,Use Brown sugar as a supporting ingredient; do not treat it as a standalone meal component.,1,Supporting ingredient state
Powdered sugar,Ready to Use,pantry,0,1,1,0,1,0,1,very low,0,excellent,Measure or portion Powdered sugar as needed.,Add Powdered sugar at the stage appropriate to its flavor and texture.,Use Powdered sugar as a supporting ingredient; do not treat it as a standalone meal component.,1,Supporting ingredient state
Cornstarch,Ready to Use,pantry,0,1,1,0,1,0,1,very low,0,excellent,Measure or portion Cornstarch as needed.,Add Cornstarch at the stage appropriate to its flavor and texture.,Use Cornstarch as a supporting ingredient; do not treat it as a standalone meal component.,1,Supporting ingredient state
Baking powder,Ready to Use,pantry,0,1,1,0,1,0,1,very low,0,excellent,Measure or portion Baking powder as needed.,Add Baking powder at the stage appropriate to its flavor and texture.,Use Baking powder as a supporting ingredient; do not treat it as a standalone meal component.,1,Supporting ingredient state
Baking soda,Ready to Use,pantry,0,1,1,0,1,0,1,very low,0,excellent,Measure or portion Baking soda as needed.,Add Baking soda at the stage appropriate to its flavor and texture.,Use Baking soda as a supporting ingredient; do not treat it as a standalone meal component.,1,Supporting ingredient state
Salt,Ready to Use,pantry,0,1,1,0,1,0,1,very low,0,excellent,Measure or portion Salt as needed.,Add Salt at the stage appropriate to its flavor and texture.,Use Salt as a supporting ingredient; do not treat it as a standalone meal component.,1,Supporting ingredient state
Black pepper,Ready to Use,pantry,0,1,1,0,1,0,1,very low,0,excellent,Measure or portion Black pepper as needed.,Add Black pepper at the stage appropriate to its flavor and texture.,Use Black pepper as a supporting ingredient; do not treat it as a standalone meal component.,1,Supporting ingredient state
Olive oil,Ready to Use,pantry,0,1,1,0,1,0,1,very low,0,excellent,Measure or portion Olive oil as needed.,Add Olive oil at the stage appropriate to its flavor and texture.,Use Olive oil as a supporting ingredient; do not treat it as a standalone meal component.,1,Supporting ingredient state
Vegetable oil,Ready to Use,pantry,0,1,1,0,1,0,1,very low,0,excellent,Measure or portion Vegetable oil as needed.,Add Vegetable oil at the stage appropriate to its flavor and texture.,Use Vegetable oil as a supporting ingredient; do not treat it as a standalone meal component.,1,Supporting ingredient state
Canola oil,Ready to Use,pantry,0,1,1,0,1,0,1,very low,0,excellent,Measure or portion Canola oil as needed.,Add Canola oil at the stage appropriate to its flavor and texture.,Use Canola oil as a supporting ingredient; do not treat it as a standalone meal component.,1,Supporting ingredient state
Sesame oil,Ready to Use,pantry,0,1,1,0,1,0,1,very low,0,excellent,Measure or portion Sesame oil as needed.,Add Sesame oil at the stage appropriate to its flavor and texture.,Use Sesame oil as a supporting ingredient; do not treat it as a standalone meal component.,1,Supporting ingredient state
Apple cider vinegar,Ready to Use,pantry,0,1,1,0,1,0,1,very low,0,excellent,Measure or portion Apple cider vinegar as needed.,Add Apple cider vinegar at the stage appropriate to its flavor and texture.,Use Apple cider vinegar as a supporting ingredient; do not treat it as a standalone meal component.,1,Supporting ingredient state
White vinegar,Ready to Use,pantry,0,1,1,0,1,0,1,very low,0,excellent,Measure or portion White vinegar as needed.,Add White vinegar at the stage appropriate to its flavor and texture.,Use White vinegar as a supporting ingredient; do not treat it as a standalone meal component.,1,Supporting ingredient state
Balsamic vinegar,Ready to Use,pantry,0,1,1,0,1,0,1,very low,0,excellent,Measure or portion Balsamic vinegar as needed.,Add Balsamic vinegar at the stage appropriate to its flavor and texture.,Use Balsamic vinegar as a supporting ingredient; do not treat it as a standalone meal component.,1,Supporting ingredient state
Soy sauce,Ready to Use,pantry,0,1,1,0,1,0,1,very low,0,excellent,Measure or portion Soy sauce as needed.,Add Soy sauce at the stage appropriate to its flavor and texture.,Use Soy sauce as a supporting ingredient; do not treat it as a standalone meal component.,1,Supporting ingredient state
Worcestershire sauce,Ready to Use,pantry,0,1,1,0,1,0,1,very low,0,excellent,Measure or portion Worcestershire sauce as needed.,Add Worcestershire sauce at the stage appropriate to its flavor and texture.,Use Worcestershire sauce as a supporting ingredient; do not treat it as a standalone meal component.,1,Supporting ingredient state
Hot sauce,Ready to Use,pantry,0,1,1,0,1,0,1,very low,0,excellent,Measure or portion Hot sauce as needed.,Add Hot sauce at the stage appropriate to its flavor and texture.,Use Hot sauce as a supporting ingredient; do not treat it as a standalone meal component.,1,Supporting ingredient state
Ketchup,Ready to Use,pantry,0,1,1,0,1,0,1,very low,0,excellent,Measure or portion Ketchup as needed.,Add Ketchup at the stage appropriate to its flavor and texture.,Use Ketchup as a supporting ingredient; do not treat it as a standalone meal component.,1,Supporting ingredient state
Mustard,Ready to Use,pantry,0,1,1,0,1,0,1,very low,0,excellent,Measure or portion Mustard as needed.,Add Mustard at the stage appropriate to its flavor and texture.,Use Mustard as a supporting ingredient; do not treat it as a standalone meal component.,1,Supporting ingredient state
Mayonnaise,Ready to Use,fridge,0,1,1,0,1,0,1,very low,0,good,Measure or portion Mayonnaise as needed.,Add Mayonnaise at the stage appropriate to its flavor and texture.,Use Mayonnaise as a supporting ingredient; do not treat it as a standalone meal component.,1,Supporting ingredient state
BBQ sauce,Ready to Use,pantry,0,1,1,0,1,0,1,very low,0,excellent,Measure or portion BBQ sauce as needed.,Add BBQ sauce at the stage appropriate to its flavor and texture.,Use BBQ sauce as a supporting ingredient; do not treat it as a standalone meal component.,1,Supporting ingredient state
Chicken broth,Ready to Use,pantry,0,1,1,0,1,0,1,very low,0,excellent,Measure or portion Chicken broth as needed.,Add Chicken broth at the stage appropriate to its flavor and texture.,Use Chicken broth as a supporting ingredient; do not treat it as a standalone meal component.,1,Supporting ingredient state
Beef broth,Ready to Use,pantry,0,1,1,0,1,0,1,very low,0,excellent,Measure or portion Beef broth as needed.,Add Beef broth at the stage appropriate to its flavor and texture.,Use Beef broth as a supporting ingredient; do not treat it as a standalone meal component.,1,Supporting ingredient state
Vegetable broth,Ready to Use,pantry,0,1,1,0,1,0,1,very low,0,excellent,Measure or portion Vegetable broth as needed.,Add Vegetable broth at the stage appropriate to its flavor and texture.,Use Vegetable broth as a supporting ingredient; do not treat it as a standalone meal component.,1,Supporting ingredient state
Tomato sauce,Ready to Use,pantry,0,1,1,0,1,0,1,very low,0,excellent,Measure or portion Tomato sauce as needed.,Add Tomato sauce at the stage appropriate to its flavor and texture.,Use Tomato sauce as a supporting ingredient; do not treat it as a standalone meal component.,1,Supporting ingredient state
Tomato paste,Ready to Use,pantry,0,1,1,0,1,0,1,very low,0,excellent,Measure or portion Tomato paste as needed.,Add Tomato paste at the stage appropriate to its flavor and texture.,Use Tomato paste as a supporting ingredient; do not treat it as a standalone meal component.,1,Supporting ingredient state
Diced tomatoes,Ready to Use,pantry,0,1,1,0,1,0,1,very low,0,excellent,Measure or portion Diced tomatoes as needed.,Add Diced tomatoes at the stage appropriate to its flavor and texture.,Use Diced tomatoes as a supporting ingredient; do not treat it as a standalone meal component.,1,Supporting ingredient state
Crushed tomatoes,Ready to Use,pantry,0,1,1,0,1,0,1,very low,0,excellent,Measure or portion Crushed tomatoes as needed.,Add Crushed tomatoes at the stage appropriate to its flavor and texture.,Use Crushed tomatoes as a supporting ingredient; do not treat it as a standalone meal component.,1,Supporting ingredient state
Rotel,Ready to Use,pantry,0,1,1,0,1,0,1,very low,0,excellent,Measure or portion Rotel as needed.,Add Rotel at the stage appropriate to its flavor and texture.,Use Rotel as a supporting ingredient; do not treat it as a standalone meal component.,1,Supporting ingredient state
Cream of mushroom soup,Ready to Use,pantry,0,1,1,0,1,0,1,very low,0,excellent,Measure or portion Cream of mushroom soup as needed.,Add Cream of mushroom soup at the stage appropriate to its flavor and texture.,Use Cream of mushroom soup as a supporting ingredient; do not treat it as a standalone meal component.,1,Supporting ingredient state
Cream of chicken soup,Ready to Use,pantry,0,1,1,0,1,0,1,very low,0,excellent,Measure or portion Cream of chicken soup as needed.,Add Cream of chicken soup at the stage appropriate to its flavor and texture.,Use Cream of chicken soup as a supporting ingredient; do not treat it as a standalone meal component.,1,Supporting ingredient state
Coconut milk,Ready to Use,pantry,0,1,1,0,1,0,1,very low,0,excellent,Measure or portion Coconut milk as needed.,Add Coconut milk at the stage appropriate to its flavor and texture.,Use Coconut milk as a supporting ingredient; do not treat it as a standalone meal component.,1,Supporting ingredient state
Peanut butter,Ready to Use,pantry,0,1,1,0,1,0,1,very low,0,excellent,Measure or portion Peanut butter as needed.,Add Peanut butter at the stage appropriate to its flavor and texture.,Use Peanut butter as a supporting ingredient; do not treat it as a standalone meal component.,1,Supporting ingredient state
Honey,Ready to Use,pantry,0,1,1,0,1,0,1,very low,0,excellent,Measure or portion Honey as needed.,Add Honey at the stage appropriate to its flavor and texture.,Use Honey as a supporting ingredient; do not treat it as a standalone meal component.,1,Supporting ingredient state
Maple syrup,Ready to Use,pantry,0,1,1,0,1,0,1,very low,0,excellent,Measure or portion Maple syrup as needed.,Add Maple syrup at the stage appropriate to its flavor and texture.,Use Maple syrup as a supporting ingredient; do not treat it as a standalone meal component.,1,Supporting ingredient state
Molasses,Ready to Use,pantry,0,1,1,0,1,0,1,very low,0,excellent,Measure or portion Molasses as needed.,Add Molasses at the stage appropriate to its flavor and texture.,Use Molasses as a supporting ingredient; do not treat it as a standalone meal component.,1,Supporting ingredient state
Vanilla extract,Ready to Use,pantry,0,1,1,0,1,0,1,very low,0,excellent,Measure or portion Vanilla extract as needed.,Add Vanilla extract at the stage appropriate to its flavor and texture.,Use Vanilla extract as a supporting ingredient; do not treat it as a standalone meal component.,1,Supporting ingredient state
Yeast,Ready to Use,pantry,0,1,1,0,1,0,1,very low,0,excellent,Measure or portion Yeast as needed.,Add Yeast at the stage appropriate to its flavor and texture.,Use Yeast as a supporting ingredient; do not treat it as a standalone meal component.,1,Supporting ingredient state
Garlic powder,Ready to Use,pantry,0,1,1,0,1,0,1,very low,0,excellent,Measure or portion Garlic powder as needed.,Add Garlic powder at the stage appropriate to its flavor and texture.,Use Garlic powder as a supporting ingredient; do not treat it as a standalone meal component.,1,Supporting ingredient state
Onion powder,Ready to Use,pantry,0,1,1,0,1,0,1,very low,0,excellent,Measure or portion Onion powder as needed.,Add Onion powder at the stage appropriate to its flavor and texture.,Use Onion powder as a supporting ingredient; do not treat it as a standalone meal component.,1,Supporting ingredient state
Paprika,Ready to Use,pantry,0,1,1,0,1,0,1,very low,0,excellent,Measure or portion Paprika as needed.,Add Paprika at the stage appropriate to its flavor and texture.,Use Paprika as a supporting ingredient; do not treat it as a standalone meal component.,1,Supporting ingredient state
Smoked paprika,Ready to Use,pantry,0,1,1,0,1,0,1,very low,0,excellent,Measure or portion Smoked paprika as needed.,Add Smoked paprika at the stage appropriate to its flavor and texture.,Use Smoked paprika as a supporting ingredient; do not treat it as a standalone meal component.,1,Supporting ingredient state
Cumin,Ready to Use,pantry,0,1,1,0,1,0,1,very low,0,excellent,Measure or portion Cumin as needed.,Add Cumin at the stage appropriate to its flavor and texture.,Use Cumin as a supporting ingredient; do not treat it as a standalone meal component.,1,Supporting ingredient state
Chili powder,Ready to Use,pantry,0,1,1,0,1,0,1,very low,0,excellent,Measure or portion Chili powder as needed.,Add Chili powder at the stage appropriate to its flavor and texture.,Use Chili powder as a supporting ingredient; do not treat it as a standalone meal component.,1,Supporting ingredient state
Cayenne pepper,Ready to Use,pantry,0,1,1,0,1,0,1,very low,0,excellent,Measure or portion Cayenne pepper as needed.,Add Cayenne pepper at the stage appropriate to its flavor and texture.,Use Cayenne pepper as a supporting ingredient; do not treat it as a standalone meal component.,1,Supporting ingredient state
Oregano,Ready to Use,pantry,0,1,1,0,1,0,1,very low,0,excellent,Measure or portion Oregano as needed.,Add Oregano at the stage appropriate to its flavor and texture.,Use Oregano as a supporting ingredient; do not treat it as a standalone meal component.,1,Supporting ingredient state
Basil,Ready to Use,pantry,0,1,1,0,1,0,1,very low,0,excellent,Measure or portion Basil as needed.,Add Basil at the stage appropriate to its flavor and texture.,Use Basil as a supporting ingredient; do not treat it as a standalone meal component.,1,Supporting ingredient state
Thyme,Ready to Use,pantry,0,1,1,0,1,0,1,very low,0,excellent,Measure or portion Thyme as needed.,Add Thyme at the stage appropriate to its flavor and texture.,Use Thyme as a supporting ingredient; do not treat it as a standalone meal component.,1,Supporting ingredient state
Rosemary,Ready to Use,pantry,0,1,1,0,1,0,1,very low,0,excellent,Measure or portion Rosemary as needed.,Add Rosemary at the stage appropriate to its flavor and texture.,Use Rosemary as a supporting ingredient; do not treat it as a standalone meal component.,1,Supporting ingredient state
Parsley,Ready to Use,pantry,0,1,1,0,1,0,1,very low,0,excellent,Measure or portion Parsley as needed.,Add Parsley at the stage appropriate to its flavor and texture.,Use Parsley as a supporting ingredient; do not treat it as a standalone meal component.,1,Supporting ingredient state
Dill,Ready to Use,pantry,0,1,1,0,1,0,1,very low,0,excellent,Measure or portion Dill as needed.,Add Dill at the stage appropriate to its flavor and texture.,Use Dill as a supporting ingredient; do not treat it as a standalone meal component.,1,Supporting ingredient state
Sage,Ready to Use,pantry,0,1,1,0,1,0,1,very low,0,excellent,Measure or portion Sage as needed.,Add Sage at the stage appropriate to its flavor and texture.,Use Sage as a supporting ingredient; do not treat it as a standalone meal component.,1,Supporting ingredient state
Turmeric,Ready to Use,pantry,0,1,1,0,1,0,1,very low,0,excellent,Measure or portion Turmeric as needed.,Add Turmeric at the stage appropriate to its flavor and texture.,Use Turmeric as a supporting ingredient; do not treat it as a standalone meal component.,1,Supporting ingredient state
Ginger,Ready to Use,pantry,0,1,1,0,1,0,1,very low,0,excellent,Measure or portion Ginger as needed.,Add Ginger at the stage appropriate to its flavor and texture.,Use Ginger as a supporting ingredient; do not treat it as a standalone meal component.,1,Supporting ingredient state
Cinnamon,Ready to Use,pantry,0,1,1,0,1,0,1,very low,0,excellent,Measure or portion Cinnamon as needed.,Add Cinnamon at the stage appropriate to its flavor and texture.,Use Cinnamon as a supporting ingredient; do not treat it as a standalone meal component.,1,Supporting ingredient state
Nutmeg,Ready to Use,pantry,0,1,1,0,1,0,1,very low,0,excellent,Measure or portion Nutmeg as needed.,Add Nutmeg at the stage appropriate to its flavor and texture.,Use Nutmeg as a supporting ingredient; do not treat it as a standalone meal component.,1,Supporting ingredient state
Cloves,Ready to Use,pantry,0,1,1,0,1,0,1,very low,0,excellent,Measure or portion Cloves as needed.,Add Cloves at the stage appropriate to its flavor and texture.,Use Cloves as a supporting ingredient; do not treat it as a standalone meal component.,1,Supporting ingredient state
Bay leaves,Ready to Use,pantry,0,1,1,0,1,0,1,very low,0,excellent,Measure or portion Bay leaves as needed.,Add Bay leaves at the stage appropriate to its flavor and texture.,Use Bay leaves as a supporting ingredient; do not treat it as a standalone meal component.,1,Supporting ingredient state
Italian seasoning,Ready to Use,pantry,0,1,1,0,1,0,1,very low,0,excellent,Measure or portion Italian seasoning as needed.,Add Italian seasoning at the stage appropriate to its flavor and texture.,Use Italian seasoning as a supporting ingredient; do not treat it as a standalone meal component.,1,Supporting ingredient state
Red pepper flakes,Ready to Use,pantry,0,1,1,0,1,0,1,very low,0,excellent,Measure or portion Red pepper flakes as needed.,Add Red pepper flakes at the stage appropriate to its flavor and texture.,Use Red pepper flakes as a supporting ingredient; do not treat it as a standalone meal component.,1,Supporting ingredient state
Celery seed,Ready to Use,pantry,0,1,1,0,1,0,1,very low,0,excellent,Measure or portion Celery seed as needed.,Add Celery seed at the stage appropriate to its flavor and texture.,Use Celery seed as a supporting ingredient; do not treat it as a standalone meal component.,1,Supporting ingredient state
Mustard powder,Ready to Use,pantry,0,1,1,0,1,0,1,very low,0,excellent,Measure or portion Mustard powder as needed.,Add Mustard powder at the stage appropriate to its flavor and texture.,Use Mustard powder as a supporting ingredient; do not treat it as a standalone meal component.,1,Supporting ingredient state
White pepper,Ready to Use,pantry,0,1,1,0,1,0,1,very low,0,excellent,Measure or portion White pepper as needed.,Add White pepper at the stage appropriate to its flavor and texture.,Use White pepper as a supporting ingredient; do not treat it as a standalone meal component.,1,Supporting ingredient state
Coriander,Ready to Use,pantry,0,1,1,0,1,0,1,very low,0,excellent,Measure or portion Coriander as needed.,Add Coriander at the stage appropriate to its flavor and texture.,Use Coriander as a supporting ingredient; do not treat it as a standalone meal component.,1,Supporting ingredient state
Cilantro,Ready to Use,fridge,0,1,1,0,1,0,1,very low,0,good,Measure or portion Cilantro as needed.,Add Cilantro at the stage appropriate to its flavor and texture.,Use Cilantro as a supporting ingredient; do not treat it as a standalone meal component.,1,Supporting ingredient state
Fresh parsley,Ready to Use,fridge,0,1,1,0,1,0,1,very low,0,good,Measure or portion Fresh parsley as needed.,Add Fresh parsley at the stage appropriate to its flavor and texture.,Use Fresh parsley as a supporting ingredient; do not treat it as a standalone meal component.,1,Supporting ingredient state
Fresh basil,Ready to Use,fridge,0,1,1,0,1,0,1,very low,0,good,Measure or portion Fresh basil as needed.,Add Fresh basil at the stage appropriate to its flavor and texture.,Use Fresh basil as a supporting ingredient; do not treat it as a standalone meal component.,1,Supporting ingredient state
Fresh thyme,Ready to Use,fridge,0,1,1,0,1,0,1,very low,0,good,Measure or portion Fresh thyme as needed.,Add Fresh thyme at the stage appropriate to its flavor and texture.,Use Fresh thyme as a supporting ingredient; do not treat it as a standalone meal component.,1,Supporting ingredient state
